organism_Instance_210688,"[['2900'], ['2906'], 'humans', 'NCBITaxon:9606', 'Homo sapiens', '16279840_15']"
organism_Instance_210693,"[['4050'], ['4056'], 'humans', 'NCBITaxon:9606', 'Homo sapiens', '16279840_21']"
organism_Instance_210698,"[['5362'], ['5367'], 'mouse', 'NCBITaxon:10088', 'Mus', '16279840_28']"
organism_Instance_210703,"[['5368'], ['5373'], 'human', 'NCBITaxon:9606', 'Homo sapiens', '16279840_28']"
organism_Instance_210723,"[['5677'], ['5679'], 'mo', 'NCBITaxon:10088', 'Mus', '16279840_28']"
organism_Instance_210768,"[['7156'], ['7158'], 'mo', 'NCBITaxon:10088', 'Mus', '16279840_34']"
organism_Instance_210773,"[['7623'], ['7625'], 'mo', 'NCBITaxon:10088', 'Mus', '16279840_35']"
organism_Instance_210795,"[['7867'], ['7869'], 'mo', 'NCBITaxon:10088', 'Mus', '16279840_37']"
organism_Instance_210830,"[['11109'], ['11118'], 'Mammalian', 'NCBITaxon:40674', 'Mammalia', '16279840_58']"
organism_Instance_210835,"[['12641'], ['12646'], 'mouse', 'NCBITaxon:10088', 'Mus', '16279840_63']"
organism_Instance_210840,"[['12661'], ['12667'], 'rabbit', 'NCBITaxon:9986', 'Oryctolagus cuniculus', '16279840_63']"
organism_Instance_210846,"[['13642'], ['13644'], 'mo', 'NCBITaxon:10088', 'Mus', '16279840_69']"
organism_Instance_210851,"[['14097'], ['14101'], 'Mice', 'NCBITaxon:10088', 'Mus', '16279840_72']"
organism_Instance_210856,"[['16563'], ['16569'], 'rabbit', 'NCBITaxon:9986', 'Oryctolagus cuniculus', '16279840_87']"
organism_Instance_210861,"[['17048'], ['17054'], 'rabbit', 'NCBITaxon:9986', 'Oryctolagus cuniculus', '16279840_88']"
organism_Instance_210868,"[['19419'], ['19424'], 'mouse', 'NCBITaxon:10088', 'Mus', '16279840_101']"
organism_Instance_210873,"[['20983'], ['20985'], 'mo', 'NCBITaxon:10088', 'Mus', '16279840_109']"
organism_Instance_210878,"[['32383'], ['32388'], 'human', 'NCBITaxon:9606', 'Homo sapiens', '16279840_173']"
organism_Instance_210883,"[['40004'], ['40010'], 'humans', 'NCBITaxon:9606', 'Homo sapiens', '16279840_219']"
organism_Instance_210888,"[['41605'], ['41611'], 'humans', 'NCBITaxon:9606', 'Homo sapiens', '16279840_227']"
organism_Instance_210893,"[['45081'], ['45091'], 'lentiviral', 'NCBITaxon:11646', 'Lentivirus', '16279840_247']"
organism_Instance_210898,"[['46858'], ['46864'], 'humans', 'NCBITaxon:9606', 'Homo sapiens', '16279840_254']"
organism_Instance_210908,"[['50819'], ['50824'], 'human', 'NCBITaxon:9606', 'Homo sapiens', '16279840_282']"
organism_Instance_210913,"[['54094'], ['54099'], 'human', 'NCBITaxon:9606', 'Homo sapiens', '16279840_307']"
organism_Instance_210918,"[['55472'], ['55476'], 'Mice', 'NCBITaxon:10088', 'Mus', '16279840_318']"
organism_Instance_210923,"[['56194'], ['56205'], 'individuals', 'NCBITaxon:1', 'root', '16279840_324']"
organism_Instance_210928,"[['60582'], ['60584'], 'mo', 'NCBITaxon:10088', 'Mus', '16279840_347']"
organism_Instance_210938,"[['60884'], ['60889'], 'human', 'NCBITaxon:9606', 'Homo sapiens', '16279840_347']"
organism_Instance_210943,"[['62696'], ['62701'], 'human', 'NCBITaxon:9606', 'Homo sapiens', '16279840_355']"
organism_Instance_210948,"[['65447'], ['65452'], 'human', 'NCBITaxon:9606', 'Homo sapiens', '16279840_369']"
organism_Instance_210953,"[['69119'], ['69124'], 'human', 'NCBITaxon:9606', 'Homo sapiens', '16279840_394']"
organism_Instance_43915,"[['603'], ['609'], 'animal', 'NCBITaxon:33208', 'Metazoa', '16279840_2']"
organism_Instance_43920,"[['741'], ['746'], 'mouse', 'NCBITaxon:10088', 'Mus', '16279840_3']"
organism_Instance_43925,"[['862'], ['866'], 'mice', 'NCBITaxon:10088', 'Mus', '16279840_4']"
organism_Instance_43930,"[['1195'], ['1199'], 'mice', 'NCBITaxon:10088', 'Mus', '16279840_6']"
organism_Instance_43935,"[['1460'], ['1464'], 'Mice', 'NCBITaxon:10088', 'Mus', '16279840_9']"
organism_Instance_43940,"[['1704'], ['1708'], 'mice', 'NCBITaxon:10088', 'Mus', '16279840_10']"
organism_Instance_43945,"[['4210'], ['4215'], 'mouse', 'NCBITaxon:10088', 'Mus', '16279840_22']"
organism_Instance_43950,"[['4476'], ['4482'], 'animal', 'NCBITaxon:33208', 'Metazoa', '16279840_23']"
organism_Instance_43955,"[['4600'], ['4605'], 'human', 'NCBITaxon:9606', 'Homo sapiens', '16279840_24']"
organism_Instance_43960,"[['4665'], ['4670'], 'mouse', 'NCBITaxon:10088', 'Mus', '16279840_25']"
organism_Instance_43970,"[['5639'], ['5644'], 'mouse', 'NCBITaxon:10088', 'Mus', '16279840_28']"
organism_Instance_43980,"[['8081'], ['8088'], 'animals', 'NCBITaxon:33208', 'Metazoa', '16279840_39']"
organism_Instance_43985,"[['8251'], ['8258'], 'animals', 'NCBITaxon:33208', 'Metazoa', '16279840_40']"
organism_Instance_43990,"[['8620'], ['8624'], 'mice', 'NCBITaxon:10088', 'Mus', '16279840_42']"
organism_Instance_43995,"[['8672'], ['8678'], 'Animal', 'NCBITaxon:33208', 'Metazoa', '16279840_43']"
organism_Instance_44000,"[['8797'], ['8803'], 'Animal', 'NCBITaxon:33208', 'Metazoa', '16279840_43']"
organism_Instance_44005,"[['9080'], ['9085'], 'mouse', 'NCBITaxon:10088', 'Mus', '16279840_45']"
organism_Instance_44010,"[['9121'], ['9127'], 'animal', 'NCBITaxon:33208', 'Metazoa', '16279840_45']"
organism_Instance_44015,"[['9167'], ['9173'], 'animal', 'NCBITaxon:33208', 'Metazoa', '16279840_46']"
organism_Instance_44025,"[['10228'], ['10232'], 'HSV1', 'NCBITaxon:10298', 'Human alphaherpesvirus 1', '16279840_53']"
organism_Instance_44030,"[['10454'], ['10459'], 'mouse', 'NCBITaxon:10088', 'Mus', '16279840_54']"
organism_Instance_44035,"[['12169'], ['12174'], 'mouse', 'NCBITaxon:10088', 'Mus', '16279840_62']"
organism_Instance_44040,"[['12270'], ['12275'], 'mouse', 'NCBITaxon:10088', 'Mus', '16279840_62']"
organism_Instance_44045,"[['12369'], ['12375'], 'rabbit', 'NCBITaxon:9986', 'Oryctolagus cuniculus', '16279840_62']"
organism_Instance_44050,"[['12461'], ['12467'], 'rabbit', 'NCBITaxon:9986', 'Oryctolagus cuniculus', '16279840_62']"
organism_Instance_44055,"[['12631'], ['12635'], 'goat', 'NCBITaxon:9925', 'Capra hircus', '16279840_63']"
organism_Instance_44060,"[['12651'], ['12655'], 'goat', 'NCBITaxon:9925', 'Capra hircus', '16279840_63']"
organism_Instance_44065,"[['16475'], ['16479'], 'goat', 'NCBITaxon:9925', 'Capra hircus', '16279840_86']"
organism_Instance_44070,"[['16675'], ['16681'], 'rabbit', 'NCBITaxon:9986', 'Oryctolagus cuniculus', '16279840_87']"
organism_Instance_44075,"[['16701'], ['16707'], 'rabbit', 'NCBITaxon:9986', 'Oryctolagus cuniculus', '16279840_87']"
organism_Instance_44080,"[['16857'], ['16861'], 'goat', 'NCBITaxon:9925', 'Capra hircus', '16279840_87']"
organism_Instance_44085,"[['19223'], ['19228'], 'Human', 'NCBITaxon:9606', 'Homo sapiens', '16279840_100']"
organism_Instance_44090,"[['19427'], ['19432'], 'human', 'NCBITaxon:9606', 'Homo sapiens', '16279840_101']"
organism_Instance_44095,"[['19762'], ['19766'], 'mice', 'NCBITaxon:10088', 'Mus', '16279840_103']"
organism_Instance_44100,"[['19794'], ['19801'], 'Animals', 'NCBITaxon:33208', 'Metazoa', '16279840_104']"
organism_Instance_44105,"[['20039'], ['20045'], 'animal', 'NCBITaxon:33208', 'Metazoa', '16279840_105']"
organism_Instance_44110,"[['20385'], ['20391'], 'animal', 'NCBITaxon:33208', 'Metazoa', '16279840_106']"
organism_Instance_44115,"[['21145'], ['21149'], 'mice', 'NCBITaxon:10088', 'Mus', '16279840_110']"
organism_Instance_44120,"[['21153'], ['21160'], 'animals', 'NCBITaxon:33208', 'Metazoa', '16279840_110']"
organism_Instance_44125,"[['21299'], ['21303'], 'mice', 'NCBITaxon:10088', 'Mus', '16279840_111']"
organism_Instance_44130,"[['21760'], ['21764'], 'mice', 'NCBITaxon:10088', 'Mus', '16279840_113']"
organism_Instance_44135,"[['21973'], ['21977'], 'mice', 'NCBITaxon:10088', 'Mus', '16279840_114']"
organism_Instance_44140,"[['22339'], ['22343'], 'mice', 'NCBITaxon:10088', 'Mus', '16279840_116']"
organism_Instance_44145,"[['22544'], ['22551'], 'Animals', 'NCBITaxon:33208', 'Metazoa', '16279840_117']"
organism_Instance_44150,"[['22797'], ['22801'], 'mice', 'NCBITaxon:10088', 'Mus', '16279840_119']"
organism_Instance_44155,"[['23105'], ['23112'], 'animals', 'NCBITaxon:33208', 'Metazoa', '16279840_120']"
organism_Instance_44160,"[['23176'], ['23180'], 'mice', 'NCBITaxon:10088', 'Mus', '16279840_120']"
organism_Instance_44165,"[['23506'], ['23513'], 'animals', 'NCBITaxon:33208', 'Metazoa', '16279840_121']"
organism_Instance_44170,"[['23535'], ['23539'], 'mice', 'NCBITaxon:10088', 'Mus', '16279840_122']"
organism_Instance_44175,"[['23964'], ['23969'], 'human', 'NCBITaxon:9606', 'Homo sapiens', '16279840_124']"
organism_Instance_44180,"[['24015'], ['24019'], 'mice', 'NCBITaxon:10088', 'Mus', '16279840_124']"
organism_Instance_44185,"[['24044'], ['24051'], 'animals', 'NCBITaxon:33208', 'Metazoa', '16279840_124']"
organism_Instance_44190,"[['24455'], ['24462'], 'animals', 'NCBITaxon:33208', 'Metazoa', '16279840_125']"
organism_Instance_44195,"[['24602'], ['24606'], 'mice', 'NCBITaxon:10088', 'Mus', '16279840_126']"
organism_Instance_44200,"[['24921'], ['24928'], 'animals', 'NCBITaxon:33208', 'Metazoa', '16279840_128']"
organism_Instance_44205,"[['25076'], ['25083'], 'animals', 'NCBITaxon:33208', 'Metazoa', '16279840_129']"
organism_Instance_44210,"[['25224'], ['25228'], 'mice', 'NCBITaxon:10088', 'Mus', '16279840_129']"
organism_Instance_44215,"[['25277'], ['25281'], 'mice', 'NCBITaxon:10088', 'Mus', '16279840_130']"
organism_Instance_44220,"[['25378'], ['25382'], 'mice', 'NCBITaxon:10088', 'Mus', '16279840_130']"
organism_Instance_44225,"[['25454'], ['25461'], 'animals', 'NCBITaxon:33208', 'Metazoa', '16279840_130']"
organism_Instance_44230,"[['25869'], ['25876'], 'animals', 'NCBITaxon:33208', 'Metazoa', '16279840_132']"
organism_Instance_44235,"[['25960'], ['25964'], 'mice', 'NCBITaxon:10088', 'Mus', '16279840_133']"
organism_Instance_44240,"[['26056'], ['26060'], 'mice', 'NCBITaxon:10088', 'Mus', '16279840_134']"
organism_Instance_44245,"[['26560'], ['26565'], 'human', 'NCBITaxon:9606', 'Homo sapiens', '16279840_138']"
organism_Instance_44250,"[['26620'], ['26624'], 'mice', 'NCBITaxon:10088', 'Mus', '16279840_138']"
organism_Instance_44255,"[['26746'], ['26750'], 'mice', 'NCBITaxon:10088', 'Mus', '16279840_139']"
organism_Instance_44260,"[['26840'], ['26844'], 'mice', 'NCBITaxon:10088', 'Mus', '16279840_140']"
organism_Instance_44265,"[['26996'], ['27000'], 'mice', 'NCBITaxon:10088', 'Mus', '16279840_141']"
organism_Instance_44270,"[['27246'], ['27250'], 'mice', 'NCBITaxon:10088', 'Mus', '16279840_143']"
organism_Instance_44275,"[['27341'], ['27345'], 'mice', 'NCBITaxon:10088', 'Mus', '16279840_144']"
organism_Instance_44280,"[['27484'], ['27491'], 'animals', 'NCBITaxon:33208', 'Metazoa', '16279840_145']"
organism_Instance_44285,"[['27516'], ['27523'], 'Animals', 'NCBITaxon:33208', 'Metazoa', '16279840_146']"
organism_Instance_44290,"[['27930'], ['27934'], 'mice', 'NCBITaxon:10088', 'Mus', '16279840_147']"
organism_Instance_44295,"[['28090'], ['28097'], 'animals', 'NCBITaxon:33208', 'Metazoa', '16279840_148']"
organism_Instance_44300,"[['28236'], ['28243'], 'animals', 'NCBITaxon:33208', 'Metazoa', '16279840_149']"
organism_Instance_44305,"[['28504'], ['28511'], 'animals', 'NCBITaxon:33208', 'Metazoa', '16279840_151']"
organism_Instance_44310,"[['28624'], ['28628'], 'mice', 'NCBITaxon:10088', 'Mus', '16279840_152']"
organism_Instance_44315,"[['28685'], ['28692'], 'animals', 'NCBITaxon:33208', 'Metazoa', '16279840_152']"
organism_Instance_44320,"[['28735'], ['28742'], 'animals', 'NCBITaxon:33208', 'Metazoa', '16279840_152']"
organism_Instance_44325,"[['29047'], ['29053'], 'animal', 'NCBITaxon:33208', 'Metazoa', '16279840_154']"
organism_Instance_44330,"[['29398'], ['29402'], 'mice', 'NCBITaxon:10088', 'Mus', '16279840_156']"
organism_Instance_44335,"[['29667'], ['29674'], 'animals', 'NCBITaxon:33208', 'Metazoa', '16279840_157']"
organism_Instance_44340,"[['30272'], ['30276'], 'mice', 'NCBITaxon:10088', 'Mus', '16279840_161']"
organism_Instance_44345,"[['30353'], ['30357'], 'mice', 'NCBITaxon:10088', 'Mus', '16279840_161']"
organism_Instance_44350,"[['30467'], ['30471'], 'mice', 'NCBITaxon:10088', 'Mus', '16279840_162']"
organism_Instance_44355,"[['30674'], ['30681'], 'animals', 'NCBITaxon:33208', 'Metazoa', '16279840_163']"
organism_Instance_44360,"[['30714'], ['30718'], 'mice', 'NCBITaxon:10088', 'Mus', '16279840_164']"
organism_Instance_44365,"[['30791'], ['30795'], 'mice', 'NCBITaxon:10088', 'Mus', '16279840_164']"
organism_Instance_44370,"[['31051'], ['31058'], 'animals', 'NCBITaxon:33208', 'Metazoa', '16279840_166']"
organism_Instance_44375,"[['31136'], ['31140'], 'mice', 'NCBITaxon:10088', 'Mus', '16279840_167']"
organism_Instance_44380,"[['31236'], ['31242'], 'animal', 'NCBITaxon:33208', 'Metazoa', '16279840_167']"
organism_Instance_44385,"[['31550'], ['31554'], 'mice', 'NCBITaxon:10088', 'Mus', '16279840_169']"
organism_Instance_44390,"[['31721'], ['31725'], 'mice', 'NCBITaxon:10088', 'Mus', '16279840_170']"
organism_Instance_44395,"[['31838'], ['31842'], 'mice', 'NCBITaxon:10088', 'Mus', '16279840_171']"
organism_Instance_44400,"[['31920'], ['31927'], 'animals', 'NCBITaxon:33208', 'Metazoa', '16279840_171']"
organism_Instance_44405,"[['32417'], ['32424'], 'animals', 'NCBITaxon:33208', 'Metazoa', '16279840_174']"
organism_Instance_44410,"[['32922'], ['32926'], 'mice', 'NCBITaxon:10088', 'Mus', '16279840_176']"
organism_Instance_44415,"[['33267'], ['33274'], 'animals', 'NCBITaxon:33208', 'Metazoa', '16279840_178']"
organism_Instance_44420,"[['33331'], ['33338'], 'animals', 'NCBITaxon:33208', 'Metazoa', '16279840_178']"
organism_Instance_44425,"[['33717'], ['33724'], 'animals', 'NCBITaxon:33208', 'Metazoa', '16279840_181']"
organism_Instance_44430,"[['33806'], ['33810'], 'mice', 'NCBITaxon:10088', 'Mus', '16279840_182']"
organism_Instance_44435,"[['33913'], ['33917'], 'mice', 'NCBITaxon:10088', 'Mus', '16279840_183']"
organism_Instance_44440,"[['34124'], ['34128'], 'mice', 'NCBITaxon:10088', 'Mus', '16279840_184']"
organism_Instance_44445,"[['34329'], ['34333'], 'mice', 'NCBITaxon:10088', 'Mus', '16279840_185']"
organism_Instance_44450,"[['34347'], ['34354'], 'animals', 'NCBITaxon:33208', 'Metazoa', '16279840_186']"
organism_Instance_44455,"[['34477'], ['34481'], 'mice', 'NCBITaxon:10088', 'Mus', '16279840_186']"
organism_Instance_44460,"[['34688'], ['34695'], 'animals', 'NCBITaxon:33208', 'Metazoa', '16279840_188']"
organism_Instance_44465,"[['34766'], ['34770'], 'mice', 'NCBITaxon:10088', 'Mus', '16279840_188']"
organism_Instance_44470,"[['34908'], ['34915'], 'animals', 'NCBITaxon:33208', 'Metazoa', '16279840_189']"
organism_Instance_44475,"[['34974'], ['34978'], 'mice', 'NCBITaxon:10088', 'Mus', '16279840_190']"
organism_Instance_44480,"[['35310'], ['35314'], 'mice', 'NCBITaxon:10088', 'Mus', '16279840_192']"
organism_Instance_44485,"[['35390'], ['35397'], 'animals', 'NCBITaxon:33208', 'Metazoa', '16279840_192']"
organism_Instance_44490,"[['35553'], ['35557'], 'mice', 'NCBITaxon:10088', 'Mus', '16279840_193']"
organism_Instance_44495,"[['35616'], ['35623'], 'animals', 'NCBITaxon:33208', 'Metazoa', '16279840_193']"
organism_Instance_44505,"[['35809'], ['35813'], 'mice', 'NCBITaxon:10088', 'Mus', '16279840_194']"
organism_Instance_44510,"[['36094'], ['36098'], 'mice', 'NCBITaxon:10088', 'Mus', '16279840_196']"
organism_Instance_44515,"[['36361'], ['36365'], 'mice', 'NCBITaxon:10088', 'Mus', '16279840_198']"
organism_Instance_44520,"[['36374'], ['36381'], 'Animals', 'NCBITaxon:33208', 'Metazoa', '16279840_199']"
organism_Instance_44525,"[['36511'], ['36518'], 'animals', 'NCBITaxon:33208', 'Metazoa', '16279840_200']"
organism_Instance_44530,"[['36690'], ['36695'], 'mouse', 'NCBITaxon:10088', 'Mus', '16279840_201']"
organism_Instance_44535,"[['36842'], ['36846'], 'mice', 'NCBITaxon:10088', 'Mus', '16279840_202']"
organism_Instance_44540,"[['37295'], ['37299'], 'mice', 'NCBITaxon:10088', 'Mus', '16279840_204']"
organism_Instance_44545,"[['37451'], ['37455'], 'mice', 'NCBITaxon:10088', 'Mus', '16279840_205']"
organism_Instance_44550,"[['37649'], ['37656'], 'animals', 'NCBITaxon:33208', 'Metazoa', '16279840_207']"
organism_Instance_44555,"[['38445'], ['38449'], 'mice', 'NCBITaxon:10088', 'Mus', '16279840_211']"
organism_Instance_44560,"[['38656'], ['38660'], 'mice', 'NCBITaxon:10088', 'Mus', '16279840_212']"
organism_Instance_44565,"[['39302'], ['39309'], 'animals', 'NCBITaxon:33208', 'Metazoa', '16279840_215']"
organism_Instance_44570,"[['39527'], ['39534'], 'animals', 'NCBITaxon:33208', 'Metazoa', '16279840_217']"
organism_Instance_44575,"[['40092'], ['40098'], 'rodent', 'NCBITaxon:9989', 'Rodentia', '16279840_219']"
organism_Instance_44580,"[['40591'], ['40595'], 'mice', 'NCBITaxon:10088', 'Mus', '16279840_222']"
organism_Instance_44585,"[['40798'], ['40803'], 'human', 'NCBITaxon:9606', 'Homo sapiens', '16279840_222']"
organism_Instance_44590,"[['40886'], ['40890'], 'mice', 'NCBITaxon:10088', 'Mus', '16279840_223']"
organism_Instance_44595,"[['41115'], ['41120'], 'mouse', 'NCBITaxon:10088', 'Mus', '16279840_224']"
organism_Instance_44600,"[['41208'], ['41213'], 'mouse', 'NCBITaxon:10088', 'Mus', '16279840_225']"
organism_Instance_44605,"[['41235'], ['41240'], 'human', 'NCBITaxon:9606', 'Homo sapiens', '16279840_225']"
organism_Instance_44610,"[['41415'], ['41419'], 'mice', 'NCBITaxon:10088', 'Mus', '16279840_226']"
organism_Instance_44615,"[['41998'], ['42003'], 'human', 'NCBITaxon:9606', 'Homo sapiens', '16279840_229']"
organism_Instance_44620,"[['42067'], ['42072'], 'mouse', 'NCBITaxon:10088', 'Mus', '16279840_229']"
organism_Instance_44625,"[['42093'], ['42098'], 'human', 'NCBITaxon:9606', 'Homo sapiens', '16279840_230']"
organism_Instance_44630,"[['42151'], ['42155'], 'mice', 'NCBITaxon:10088', 'Mus', '16279840_230']"
organism_Instance_44635,"[['42301'], ['42306'], 'human', 'NCBITaxon:9606', 'Homo sapiens', '16279840_231']"
organism_Instance_44640,"[['42327'], ['42332'], 'mouse', 'NCBITaxon:10088', 'Mus', '16279840_231']"
organism_Instance_44645,"[['42409'], ['42414'], 'mouse', 'NCBITaxon:10088', 'Mus', '16279840_232']"
organism_Instance_44650,"[['42571'], ['42576'], 'human', 'NCBITaxon:9606', 'Homo sapiens', '16279840_233']"
organism_Instance_44655,"[['42771'], ['42776'], 'human', 'NCBITaxon:9606', 'Homo sapiens', '16279840_234']"
organism_Instance_44660,"[['42971'], ['42975'], 'mice', 'NCBITaxon:10088', 'Mus', '16279840_235']"
organism_Instance_44665,"[['42999'], ['43004'], 'mouse', 'NCBITaxon:10088', 'Mus', '16279840_235']"
organism_Instance_44670,"[['43262'], ['43267'], 'human', 'NCBITaxon:9606', 'Homo sapiens', '16279840_237']"
organism_Instance_44675,"[['43286'], ['43291'], 'mouse', 'NCBITaxon:10088', 'Mus', '16279840_237']"
organism_Instance_44680,"[['43500'], ['43504'], 'mice', 'NCBITaxon:10088', 'Mus', '16279840_237']"
organism_Instance_44685,"[['43568'], ['43573'], 'mouse', 'NCBITaxon:10088', 'Mus', '16279840_238']"
organism_Instance_44690,"[['43700'], ['43704'], 'mice', 'NCBITaxon:10088', 'Mus', '16279840_238']"
organism_Instance_44695,"[['43838'], ['43842'], 'mice', 'NCBITaxon:10088', 'Mus', '16279840_239']"
organism_Instance_44700,"[['44148'], ['44155'], 'animals', 'NCBITaxon:33208', 'Metazoa', '16279840_241']"
organism_Instance_44705,"[['44359'], ['44364'], 'mouse', 'NCBITaxon:10088', 'Mus', '16279840_243']"
organism_Instance_44710,"[['44624'], ['44629'], 'mouse', 'NCBITaxon:10088', 'Mus', '16279840_244']"
organism_Instance_44715,"[['45565'], ['45570'], 'mouse', 'NCBITaxon:10088', 'Mus', '16279840_249']"
organism_Instance_44720,"[['45905'], ['45910'], 'viral', 'NCBITaxon:10239', 'Viruses', '16279840_250']"
organism_Instance_44725,"[['46428'], ['46432'], 'mice', 'NCBITaxon:10088', 'Mus', '16279840_252']"
organism_Instance_44730,"[['46772'], ['46777'], 'mouse', 'NCBITaxon:10088', 'Mus', '16279840_254']"
organism_Instance_44735,"[['46914'], ['46918'], 'mice', 'NCBITaxon:10088', 'Mus', '16279840_256']"
organism_Instance_44740,"[['46938'], ['46943'], 'human', 'NCBITaxon:9606', 'Homo sapiens', '16279840_256']"
organism_Instance_44745,"[['47004'], ['47008'], 'mice', 'NCBITaxon:10088', 'Mus', '16279840_257']"
organism_Instance_44750,"[['47297'], ['47302'], 'mouse', 'NCBITaxon:10088', 'Mus', '16279840_259']"
organism_Instance_44755,"[['48009'], ['48013'], 'mice', 'NCBITaxon:10088', 'Mus', '16279840_265']"
organism_Instance_44760,"[['48250'], ['48254'], 'mice', 'NCBITaxon:10088', 'Mus', '16279840_266']"
organism_Instance_44765,"[['48355'], ['48359'], 'mice', 'NCBITaxon:10088', 'Mus', '16279840_267']"
organism_Instance_44770,"[['48515'], ['48519'], 'mice', 'NCBITaxon:10088', 'Mus', '16279840_268']"
organism_Instance_44775,"[['49088'], ['49092'], 'mice', 'NCBITaxon:10088', 'Mus', '16279840_272']"
organism_Instance_44780,"[['49647'], ['49652'], 'mouse', 'NCBITaxon:10088', 'Mus', '16279840_276']"
organism_Instance_44785,"[['50293'], ['50298'], 'human', 'NCBITaxon:9606', 'Homo sapiens', '16279840_280']"
organism_Instance_44790,"[['50559'], ['50564'], 'human', 'NCBITaxon:9606', 'Homo sapiens', '16279840_281']"
organism_Instance_44795,"[['50929'], ['50936'], 'animals', 'NCBITaxon:33208', 'Metazoa', '16279840_282']"
organism_Instance_44800,"[['51915'], ['51919'], 'mice', 'NCBITaxon:10088', 'Mus', '16279840_291']"
organism_Instance_44805,"[['52254'], ['52258'], 'mice', 'NCBITaxon:10088', 'Mus', '16279840_292']"
organism_Instance_44810,"[['52437'], ['52443'], 'animal', 'NCBITaxon:33208', 'Metazoa', '16279840_294']"
organism_Instance_44815,"[['52523'], ['52530'], 'animals', 'NCBITaxon:33208', 'Metazoa', '16279840_295']"
organism_Instance_44820,"[['52792'], ['52796'], 'mice', 'NCBITaxon:10088', 'Mus', '16279840_298']"
organism_Instance_44825,"[['53238'], ['53242'], 'mice', 'NCBITaxon:10088', 'Mus', '16279840_301']"
organism_Instance_44830,"[['53276'], ['53283'], 'animals', 'NCBITaxon:33208', 'Metazoa', '16279840_302']"
organism_Instance_44835,"[['53755'], ['53759'], 'Mice', 'NCBITaxon:10088', 'Mus', '16279840_306']"
organism_Instance_44840,"[['54041'], ['54045'], 'mice', 'NCBITaxon:10088', 'Mus', '16279840_307']"
organism_Instance_44845,"[['54941'], ['54945'], 'mice', 'NCBITaxon:10088', 'Mus', '16279840_313']"
organism_Instance_44850,"[['55107'], ['55111'], 'mice', 'NCBITaxon:10088', 'Mus', '16279840_314']"
organism_Instance_44855,"[['55154'], ['55161'], 'animals', 'NCBITaxon:33208', 'Metazoa', '16279840_314']"
organism_Instance_44860,"[['55294'], ['55298'], 'mice', 'NCBITaxon:10088', 'Mus', '16279840_315']"
organism_Instance_44865,"[['55604'], ['55608'], 'mice', 'NCBITaxon:10088', 'Mus', '16279840_318']"
organism_Instance_44870,"[['56863'], ['56869'], 'animal', 'NCBITaxon:33208', 'Metazoa', '16279840_329']"
organism_Instance_44875,"[['57062'], ['57066'], 'mice', 'NCBITaxon:10088', 'Mus', '16279840_331']"
organism_Instance_44880,"[['57141'], ['57146'], 'human', 'NCBITaxon:9606', 'Homo sapiens', '16279840_331']"
organism_Instance_44885,"[['57179'], ['57183'], 'mice', 'NCBITaxon:10088', 'Mus', '16279840_332']"
organism_Instance_44890,"[['57191'], ['57195'], 'mice', 'NCBITaxon:10088', 'Mus', '16279840_332']"
organism_Instance_44895,"[['57285'], ['57289'], 'mice', 'NCBITaxon:10088', 'Mus', '16279840_332']"
organism_Instance_44900,"[['57329'], ['57333'], 'mice', 'NCBITaxon:10088', 'Mus', '16279840_333']"
organism_Instance_44905,"[['58129'], ['58134'], 'mouse', 'NCBITaxon:10088', 'Mus', '16279840_338']"
organism_Instance_44910,"[['58963'], ['58967'], 'mice', 'NCBITaxon:10088', 'Mus', '16279840_342']"
organism_Instance_44920,"[['59253'], ['59259'], 'animal', 'NCBITaxon:33208', 'Metazoa', '16279840_343']"
organism_Instance_44925,"[['60164'], ['60170'], 'animal', 'NCBITaxon:33208', 'Metazoa', '16279840_346']"
organism_Instance_44930,"[['60596'], ['60601'], 'mouse', 'NCBITaxon:10088', 'Mus', '16279840_347']"
organism_Instance_44935,"[['61013'], ['61020'], 'animals', 'NCBITaxon:33208', 'Metazoa', '16279840_347']"
organism_Instance_44940,"[['61087'], ['61094'], 'animals', 'NCBITaxon:33208', 'Metazoa', '16279840_348']"
organism_Instance_44945,"[['61173'], ['61180'], 'animals', 'NCBITaxon:33208', 'Metazoa', '16279840_348']"
organism_Instance_44950,"[['61295'], ['61302'], 'animals', 'NCBITaxon:33208', 'Metazoa', '16279840_349']"
organism_Instance_44955,"[['61329'], ['61333'], 'mice', 'NCBITaxon:10088', 'Mus', '16279840_349']"
organism_Instance_44960,"[['61537'], ['61541'], 'mice', 'NCBITaxon:10088', 'Mus', '16279840_350']"
organism_Instance_44965,"[['61712'], ['61719'], 'animals', 'NCBITaxon:33208', 'Metazoa', '16279840_351']"
organism_Instance_44970,"[['62106'], ['62110'], 'mice', 'NCBITaxon:10088', 'Mus', '16279840_353']"
organism_Instance_44975,"[['62162'], ['62166'], 'mice', 'NCBITaxon:10088', 'Mus', '16279840_353']"
organism_Instance_44980,"[['62276'], ['62283'], 'animals', 'NCBITaxon:33208', 'Metazoa', '16279840_353']"
organism_Instance_44985,"[['62355'], ['62359'], 'mice', 'NCBITaxon:10088', 'Mus', '16279840_354']"
organism_Instance_44990,"[['62551'], ['62555'], 'mice', 'NCBITaxon:10088', 'Mus', '16279840_355']"
organism_Instance_45000,"[['63034'], ['63041'], 'animals', 'NCBITaxon:33208', 'Metazoa', '16279840_358']"
organism_Instance_45005,"[['63089'], ['63096'], 'animals', 'NCBITaxon:33208', 'Metazoa', '16279840_358']"
organism_Instance_45010,"[['63147'], ['63154'], 'animals', 'NCBITaxon:33208', 'Metazoa', '16279840_359']"
organism_Instance_45015,"[['63457'], ['63464'], 'animals', 'NCBITaxon:33208', 'Metazoa', '16279840_360']"
organism_Instance_45020,"[['63576'], ['63583'], 'animals', 'NCBITaxon:33208', 'Metazoa', '16279840_361']"
organism_Instance_45025,"[['63732'], ['63736'], 'mice', 'NCBITaxon:10088', 'Mus', '16279840_361']"
organism_Instance_45030,"[['63959'], ['63966'], 'animals', 'NCBITaxon:33208', 'Metazoa', '16279840_362']"
organism_Instance_45035,"[['64539'], ['64546'], 'animals', 'NCBITaxon:33208', 'Metazoa', '16279840_365']"
organism_Instance_45040,"[['64614'], ['64621'], 'animals', 'NCBITaxon:33208', 'Metazoa', '16279840_365']"
organism_Instance_45045,"[['65008'], ['65015'], 'animals', 'NCBITaxon:33208', 'Metazoa', '16279840_367']"
organism_Instance_45050,"[['65158'], ['65162'], 'mice', 'NCBITaxon:10088', 'Mus', '16279840_368']"
organism_Instance_45055,"[['65274'], ['65278'], 'Mice', 'NCBITaxon:10088', 'Mus', '16279840_369']"
organism_Instance_45060,"[['65361'], ['65368'], 'animals', 'NCBITaxon:33208', 'Metazoa', '16279840_369']"
organism_Instance_45065,"[['65887'], ['65894'], 'animals', 'NCBITaxon:33208', 'Metazoa', '16279840_373']"
organism_Instance_45070,"[['66345'], ['66352'], 'animals', 'NCBITaxon:33208', 'Metazoa', '16279840_376']"
organism_Instance_45075,"[['66507'], ['66511'], 'mice', 'NCBITaxon:10088', 'Mus', '16279840_377']"
organism_Instance_45080,"[['66599'], ['66603'], 'mice', 'NCBITaxon:10088', 'Mus', '16279840_378']"
organism_Instance_45085,"[['67147'], ['67151'], 'mice', 'NCBITaxon:10088', 'Mus', '16279840_381']"
organism_Instance_45090,"[['67607'], ['67611'], 'mice', 'NCBITaxon:10088', 'Mus', '16279840_384']"
organism_Instance_45095,"[['67809'], ['67813'], 'mice', 'NCBITaxon:10088', 'Mus', '16279840_386']"
organism_Instance_45100,"[['67856'], ['67863'], 'animals', 'NCBITaxon:33208', 'Metazoa', '16279840_386']"
organism_Instance_45105,"[['68070'], ['68074'], 'mice', 'NCBITaxon:10088', 'Mus', '16279840_388']"
organism_Instance_45110,"[['68138'], ['68142'], 'mice', 'NCBITaxon:10088', 'Mus', '16279840_388']"
organism_Instance_45115,"[['68222'], ['68226'], 'mice', 'NCBITaxon:10088', 'Mus', '16279840_389']"
organism_Instance_45120,"[['68431'], ['68438'], 'animals', 'NCBITaxon:33208', 'Metazoa', '16279840_390']"
organism_Instance_45125,"[['68483'], ['68487'], 'mice', 'NCBITaxon:10088', 'Mus', '16279840_390']"
organism_Instance_45130,"[['68566'], ['68573'], 'animals', 'NCBITaxon:33208', 'Metazoa', '16279840_391']"
organism_Instance_45135,"[['68732'], ['68736'], 'Mice', 'NCBITaxon:10088', 'Mus', '16279840_392']"
organism_Instance_45140,"[['68822'], ['68826'], 'mice', 'NCBITaxon:10088', 'Mus', '16279840_392']"
organism_Instance_45145,"[['68890'], ['68897'], 'animals', 'NCBITaxon:33208', 'Metazoa', '16279840_392']"
organism_Instance_45155,"[['69288'], ['69292'], 'mice', 'NCBITaxon:10088', 'Mus', '16279840_396']"
organism_Instance_45160,"[['69449'], ['69453'], 'mice', 'NCBITaxon:10088', 'Mus', '16279840_397']"
organism_Instance_45165,"[['69507'], ['69511'], 'mice', 'NCBITaxon:10088', 'Mus', '16279840_397']"
organism_Instance_45170,"[['69792'], ['69796'], 'mice', 'NCBITaxon:10088', 'Mus', '16279840_398']"
organism_Instance_45175,"[['69889'], ['69893'], 'mice', 'NCBITaxon:10088', 'Mus', '16279840_399']"
organism_Instance_45180,"[['69963'], ['69967'], 'mice', 'NCBITaxon:10088', 'Mus', '16279840_400']"
organism_Instance_45185,"[['70150'], ['70154'], 'mice', 'NCBITaxon:10088', 'Mus', '16279840_401']"
organism_Instance_45190,"[['70194'], ['70198'], 'mice', 'NCBITaxon:10088', 'Mus', '16279840_401']"
organism_Instance_45195,"[['70296'], ['70300'], 'mice', 'NCBITaxon:10088', 'Mus', '16279840_402']"
organism_Instance_45200,"[['70712'], ['70716'], 'mice', 'NCBITaxon:10088', 'Mus', '16279840_404']"
organism_Instance_45205,"[['70780'], ['70784'], 'mice', 'NCBITaxon:10088', 'Mus', '16279840_404']"
organism_Instance_45210,"[['70981'], ['70985'], 'mice', 'NCBITaxon:10088', 'Mus', '16279840_405']"
organism_Instance_45215,"[['71158'], ['71162'], 'mice', 'NCBITaxon:10088', 'Mus', '16279840_406']"
organism_Instance_45220,"[['71447'], ['71451'], 'Mice', 'NCBITaxon:10088', 'Mus', '16279840_409']"
organism_Instance_45225,"[['71547'], ['71551'], 'mice', 'NCBITaxon:10088', 'Mus', '16279840_409']"
organism_Instance_45230,"[['71694'], ['71698'], 'mice', 'NCBITaxon:10088', 'Mus', '16279840_410']"
organism_Instance_45235,"[['72038'], ['72045'], 'animals', 'NCBITaxon:33208', 'Metazoa', '16279840_413']"
